model_type,parameters,accuracy,auc-roc,auc-pr,time,"precision,recall,f1 at_1","precision,recall,f1 at_2","precision,recall,f1 at_5","precision,recall,f1 at_10","precision,recall,f1 at_20","precision,recall,f1 at_30","precision,recall,f1 at_50"
RF,"{'max_depth': 5, 'max_features': 'sqrt', 'min_samples_split': 2, 'n_estimators': 10, 'n_jobs': -1}",0.8728662420382166,0.8448488251889499,0.5594678189678591,0.48256778717041016,"(0.7435897435897436, 0.047775947281713346, 0.08978328173374614)","(0.7564102564102564, 0.09719934102141681, 0.17226277372262774)","(0.7551020408163265, 0.24382207578253706, 0.3686176836861768)","(0.6581632653061225, 0.42504118616144976, 0.5165165165165165)","(0.4929936305732484, 0.6375617792421746, 0.5560344827586207)","(0.39847068819031434, 0.7726523887973641, 0.5257847533632287)","(0.27522935779816515, 0.8896210873146623, 0.42039704165044767)"
RF,"{'max_depth': 5, 'max_features': 'sqrt', 'min_samples_split': 2, 'n_estimators': 100, 'n_jobs': -1}",0.8736305732484076,0.8509927379289046,0.5650834444981034,0.9558570384979248,"(0.7948717948717948, 0.051070840197693576, 0.09597523219814241)","(0.7564102564102564, 0.09719934102141681, 0.17226277372262774)","(0.7448979591836735, 0.24052718286655683, 0.36363636363636365)","(0.6581632653061225, 0.42504118616144976, 0.5165165165165165)","(0.4980891719745223, 0.6441515650741351, 0.5617816091954022)","(0.3976210705182668, 0.771004942339374, 0.5246636771300448)","(0.27675840978593275, 0.8945634266886326, 0.4227325807707279)"
RF,"{'max_depth': 5, 'max_features': 'sqrt', 'min_samples_split': 10, 'n_estimators': 10, 'n_jobs': -1}",0.8756687898089172,0.8455536323761461,0.5601689885997009,0.3593888282775879,"(0.7435897435897436, 0.047775947281713346, 0.08978328173374614)","(0.7435897435897436, 0.09555189456342669, 0.16934306569343066)","(0.7551020408163265, 0.24382207578253706, 0.3686176836861768)","(0.6607142857142857, 0.42668863261943984, 0.5185185185185185)","(0.5044585987261146, 0.6523887973640856, 0.5689655172413793)","(0.3959218351741716, 0.7677100494233937, 0.5224215246636771)","(0.27573904179408765, 0.8912685337726524, 0.4211755546905411)"
RF,"{'max_depth': 5, 'max_features': 'sqrt', 'min_samples_split': 10, 'n_estimators': 100, 'n_jobs': -1}",0.8733757961783439,0.8505289901917851,0.5653404338977862,0.9347608089447021,"(0.7692307692307693, 0.04942339373970346, 0.09287925696594428)","(0.7692307692307693, 0.09884678747940692, 0.17518248175182483)","(0.75, 0.24217462932454695, 0.36612702366127026)","(0.6505102040816326, 0.4200988467874794, 0.5105105105105104)","(0.49171974522292994, 0.6359143327841845, 0.5545977011494253)","(0.39847068819031434, 0.7726523887973641, 0.5257847533632287)","(0.27726809378185524, 0.8962108731466227, 0.4235110938108213)"
RF,"{'max_depth': 5, 'max_features': 'log2', 'min_samples_split': 2, 'n_estimators': 10, 'n_jobs': -1}",0.8743949044585987,0.8521990282151274,0.5650332176435081,0.3499481678009033,"(0.7692307692307693, 0.04942339373970346, 0.09287925696594428)","(0.7435897435897436, 0.09555189456342669, 0.16934306569343066)","(0.7602040816326531, 0.24546952224052718, 0.3711083437110835)","(0.6505102040816326, 0.4200988467874794, 0.5105105105105104)","(0.5019108280254777, 0.6490939044481054, 0.5660919540229885)","(0.39422259983007646, 0.7644151565074135, 0.5201793721973094)","(0.2793068297655454, 0.9028006589785832, 0.42662514597119505)"
RF,"{'max_depth': 5, 'max_features': 'log2', 'min_samples_split': 2, 'n_estimators': 100, 'n_jobs': -1}",0.8736305732484076,0.8499483124845459,0.5627904570536512,1.0376269817352295,"(0.7948717948717948, 0.051070840197693576, 0.09597523219814241)","(0.7435897435897436, 0.09555189456342669, 0.16934306569343066)","(0.7551020408163265, 0.24382207578253706, 0.3686176836861768)","(0.6530612244897959, 0.42174629324546953, 0.5125125125125125)","(0.49936305732484076, 0.6457990115321252, 0.5632183908045977)","(0.3976210705182668, 0.771004942339374, 0.5246636771300448)","(0.27675840978593275, 0.8945634266886326, 0.4227325807707279)"
RF,"{'max_depth': 5, 'max_features': 'log2', 'min_samples_split': 10, 'n_estimators': 10, 'n_jobs': -1}",0.8736305732484076,0.8512715327408882,0.555234135194103,0.35271620750427246,"(0.7692307692307693, 0.04942339373970346, 0.09287925696594428)","(0.7564102564102564, 0.09719934102141681, 0.17226277372262774)","(0.7448979591836735, 0.24052718286655683, 0.36363636363636365)","(0.6479591836734694, 0.4184514003294893, 0.5085085085085085)","(0.5044585987261146, 0.6523887973640856, 0.5689655172413793)","(0.39932030586236195, 0.7742998352553542, 0.5269058295964126)","(0.27879714576962283, 0.9011532125205931, 0.4258466329311016)"
RF,"{'max_depth': 5, 'max_features': 'log2', 'min_samples_split': 10, 'n_estimators': 100, 'n_jobs': -1}",0.8743949044585987,0.8509120537669326,0.5639968458765747,0.925771951675415,"(0.7948717948717948, 0.051070840197693576, 0.09597523219814241)","(0.7564102564102564, 0.09719934102141681, 0.17226277372262774)","(0.7551020408163265, 0.24382207578253706, 0.3686176836861768)","(0.6556122448979592, 0.4233937397034596, 0.5145145145145146)","(0.4980891719745223, 0.6441515650741351, 0.5617816091954022)","(0.3967714528462192, 0.7693574958813838, 0.5235426008968609)","(0.2777777777777778, 0.8978583196046128, 0.42428960685091477)"
RF,"{'max_depth': 50, 'max_features': 'sqrt', 'min_samples_split': 2, 'n_estimators': 10, 'n_jobs': -1}",0.859108280254777,0.7952834273241758,0.4406842320282459,0.5560541152954102,"(0.6410256410256411, 0.04118616144975288, 0.07739938080495355)","(0.7435897435897436, 0.09555189456342669, 0.16934306569343066)","(0.6683673469387755, 0.2158154859967051, 0.32627646326276466)","(0.6198979591836735, 0.400329489291598, 0.48648648648648646)","(0.48280254777070064, 0.6243822075782537, 0.5445402298850575)","(0.36618521665250636, 0.7100494233937397, 0.4831838565022421)","(0.2889908256880734, 0.9341021416803954, 0.44141689373297)"
RF,"{'max_depth': 50, 'max_features': 'sqrt', 'min_samples_split': 2, 'n_estimators': 100, 'n_jobs': -1}",0.8647133757961784,0.8257961913103407,0.5145424457842865,2.0636682510375977,"(0.7435897435897436, 0.047775947281713346, 0.08978328173374614)","(0.7564102564102564, 0.09719934102141681, 0.17226277372262774)","(0.6887755102040817, 0.22240527182866557, 0.33623910336239105)","(0.6045918367346939, 0.3904448105436573, 0.4744744744744745)","(0.47770700636942676, 0.6177924217462932, 0.5387931034482759)","(0.38402718776550554, 0.7446457990115322, 0.5067264573991032)","(0.2711518858307849, 0.8764415156507414, 0.4141689373297003)"
RF,"{'max_depth': 50, 'max_features': 'sqrt', 'min_samples_split': 10, 'n_estimators': 10, 'n_jobs': -1}",0.8731210191082802,0.8307012918403239,0.5421814378777261,0.47391796112060547,"(0.8974358974358975, 0.057660626029654036, 0.10835913312693499)","(0.7692307692307693, 0.09884678747940692, 0.17518248175182483)","(0.7142857142857143, 0.23064250411861614, 0.3486924034869241)","(0.6377551020408163, 0.41186161449752884, 0.5005005005005004)","(0.4751592356687898, 0.6144975288303131, 0.5359195402298851)","(0.37553101104502973, 0.728171334431631, 0.4955156950672645)","(0.2686034658511723, 0.8682042833607908, 0.4102763721292332)"
RF,"{'max_depth': 50, 'max_features': 'sqrt', 'min_samples_split': 10, 'n_estimators': 100, 'n_jobs': -1}",0.8736305732484076,0.8447753405368152,0.55639936990092,1.8364641666412354,"(0.8461538461538461, 0.054365733113673806, 0.10216718266253871)","(0.7948717948717948, 0.10214168039538715, 0.18102189781021896)","(0.7142857142857143, 0.23064250411861614, 0.3486924034869241)","(0.6454081632653061, 0.41680395387149916, 0.5065065065065065)","(0.4802547770700637, 0.6210873146622735, 0.5416666666666667)","(0.38657604078164826, 0.7495881383855024, 0.5100896860986547)","(0.2782874617737003, 0.899505766062603, 0.4250681198910081)"
RF,"{'max_depth': 50, 'max_features': 'log2', 'min_samples_split': 2, 'n_estimators': 10, 'n_jobs': -1}",0.8659872611464968,0.8116255698784425,0.4785945741119173,0.4693460464477539,"(0.7692307692307693, 0.04942339373970346, 0.09287925696594428)","(0.8846153846153846, 0.11367380560131796, 0.20145985401459854)","(0.7602040816326531, 0.24546952224052718, 0.3711083437110835)","(0.6530612244897959, 0.42174629324546953, 0.5125125125125125)","(0.4878980891719745, 0.6309719934102141, 0.5502873563218391)","(0.3797790994052676, 0.7364085667215815, 0.5011210762331839)","(0.30835881753312944, 0.9967051070840197, 0.47100038925652005)"
RF,"{'max_depth': 50, 'max_features': 'log2', 'min_samples_split': 2, 'n_estimators': 100, 'n_jobs': -1}",0.8670063694267516,0.8263105838752826,0.5147527730646456,2.1327481269836426,"(0.7435897435897436, 0.047775947281713346, 0.08978328173374614)","(0.7435897435897436, 0.09555189456342669, 0.16934306569343066)","(0.6938775510204082, 0.22405271828665568, 0.3387297633872976)","(0.6122448979591837, 0.3953871499176277, 0.4804804804804805)","(0.4751592356687898, 0.6144975288303131, 0.5359195402298851)","(0.3857264231096007, 0.7479406919275123, 0.5089686098654708)","(0.273190621814475, 0.8830313014827018, 0.4172829894900739)"
RF,"{'max_depth': 50, 'max_features': 'log2', 'min_samples_split': 10, 'n_estimators': 10, 'n_jobs': -1}",0.870063694267516,0.8325279812673719,0.5352502793657795,0.47483205795288086,"(0.7435897435897436, 0.047775947281713346, 0.08978328173374614)","(0.7307692307692307, 0.09390444810543658, 0.16642335766423358)","(0.7142857142857143, 0.23064250411861614, 0.3486924034869241)","(0.6147959183673469, 0.3970345963756178, 0.4824824824824825)","(0.48662420382165605, 0.6293245469522241, 0.5488505747126436)","(0.38402718776550554, 0.7446457990115322, 0.5067264573991032)","(0.2711518858307849, 0.8764415156507414, 0.4141689373297003)"
RF,"{'max_depth': 50, 'max_features': 'log2', 'min_samples_split': 10, 'n_estimators': 100, 'n_jobs': -1}",0.8774522292993631,0.8418051703404028,0.5511374769927049,1.7299399375915527,"(0.7435897435897436, 0.047775947281713346, 0.08978328173374614)","(0.7307692307692307, 0.09390444810543658, 0.16642335766423358)","(0.7397959183673469, 0.23887973640856672, 0.36114570361145704)","(0.6530612244897959, 0.42174629324546953, 0.5125125125125125)","(0.49044585987261147, 0.6342668863261944, 0.5531609195402298)","(0.3882752761257434, 0.7528830313014827, 0.5123318385650224)","(0.2742099898063201, 0.886326194398682, 0.4188400155702608)"
LR,"{'C': 1e-05, 'penalty': 'l1'}",0.8453503184713376,0.48417647041299366,0.1444997368228389,0.06710982322692871,"(0.3333333333333333, 0.0214168039538715, 0.04024767801857585)","(0.16666666666666666, 0.0214168039538715, 0.03795620437956205)","(0.09693877551020408, 0.03130148270181219, 0.047322540473225407)","(0.11989795918367346, 0.07742998352553541, 0.09409409409409408)","(0.1375796178343949, 0.17792421746293247, 0.15517241379310343)","(0.14103653355989804, 0.27347611202635913, 0.1860986547085202)","(0.13863404689092762, 0.44810543657331137, 0.21175554690541065)"
LR,"{'C': 1e-05, 'penalty': 'l2'}",0.8453503184713376,0.5987489734492007,0.21541515303116138,0.30473899841308594,"(0.46153846153846156, 0.029654036243822075, 0.05572755417956656)","(0.2692307692307692, 0.03459637561779242, 0.061313868613138686)","(0.2193877551020408, 0.07084019769357495, 0.10709838107098382)","(0.21428571428571427, 0.13838550247116968, 0.16816816816816815)","(0.2267515923566879, 0.2932454695222405, 0.25574712643678155)","(0.2183517417162277, 0.4233937397034596, 0.2881165919282511)","(0.19317023445463813, 0.6243822075782537, 0.2950564421954068)"
LR,"{'C': 0.001, 'penalty': 'l1'}",0.8514649681528662,0.7599668524636722,0.43651276152916485,0.0785529613494873,"(0.717948717948718, 0.04612850082372323, 0.086687306501548)","(0.7307692307692307, 0.09390444810543658, 0.16642335766423358)","(0.7091836734693877, 0.22899505766062603, 0.34620174346201743)","(0.5510204081632653, 0.35584843492586493, 0.43243243243243246)","(0.34394904458598724, 0.44481054365733114, 0.3879310344827586)","(0.32710280373831774, 0.6342668863261944, 0.4316143497757848)","(0.2436289500509684, 0.7874794069192751, 0.3721292331646555)"
LR,"{'C': 0.001, 'penalty': 'l2'}",0.8654777070063694,0.7953487194306331,0.49613757252112695,0.1257781982421875,"(0.7692307692307693, 0.04942339373970346, 0.09287925696594428)","(0.7435897435897436, 0.09555189456342669, 0.16934306569343066)","(0.7346938775510204, 0.2372322899505766, 0.3586550435865504)","(0.6045918367346939, 0.3904448105436573, 0.4744744744744745)","(0.4178343949044586, 0.5403624382207578, 0.471264367816092)","(0.3415463041631266, 0.6622734761120264, 0.45067264573991034)","(0.2619775739041794, 0.8467874794069192, 0.4001557026080187)"
LR,"{'C': 0.1, 'penalty': 'l1'}",0.8738853503184714,0.8542561019569759,0.5656228651124984,0.20969510078430176,"(0.7692307692307693, 0.04942339373970346, 0.09287925696594428)","(0.7564102564102564, 0.09719934102141681, 0.17226277372262774)","(0.7397959183673469, 0.23887973640856672, 0.36114570361145704)","(0.6632653061224489, 0.42833607907743, 0.5205205205205206)","(0.49171974522292994, 0.6359143327841845, 0.5545977011494253)","(0.3925233644859813, 0.7611202635914333, 0.5179372197309418)","(0.27675840978593275, 0.8945634266886326, 0.4227325807707279)"
LR,"{'C': 0.1, 'penalty': 'l2'}",0.8738853503184714,0.8533593905937658,0.5642729321852034,0.14184021949768066,"(0.7692307692307693, 0.04942339373970346, 0.09287925696594428)","(0.7564102564102564, 0.09719934102141681, 0.17226277372262774)","(0.7397959183673469, 0.23887973640856672, 0.36114570361145704)","(0.6607142857142857, 0.42668863261943984, 0.5185185185185185)","(0.4929936305732484, 0.6375617792421746, 0.5560344827586207)","(0.39167374681393374, 0.7594728171334432, 0.5168161434977578)","(0.27675840978593275, 0.8945634266886326, 0.4227325807707279)"
LR,"{'C': 1, 'penalty': 'l1'}",0.8749044585987261,0.8543315726807896,0.5651571407310747,0.0891568660736084,"(0.7692307692307693, 0.04942339373970346, 0.09287925696594428)","(0.7564102564102564, 0.09719934102141681, 0.17226277372262774)","(0.7397959183673469, 0.23887973640856672, 0.36114570361145704)","(0.6632653061224489, 0.42833607907743, 0.5205205205205206)","(0.49044585987261147, 0.6342668863261944, 0.5531609195402298)","(0.3925233644859813, 0.7611202635914333, 0.5179372197309418)","(0.27726809378185524, 0.8962108731466227, 0.4235110938108213)"
LR,"{'C': 1, 'penalty': 'l2'}",0.8743949044585987,0.854072886844559,0.5650387008744823,0.1604170799255371,"(0.7692307692307693, 0.04942339373970346, 0.09287925696594428)","(0.7564102564102564, 0.09719934102141681, 0.17226277372262774)","(0.7397959183673469, 0.23887973640856672, 0.36114570361145704)","(0.6632653061224489, 0.42833607907743, 0.5205205205205206)","(0.49171974522292994, 0.6359143327841845, 0.5545977011494253)","(0.39167374681393374, 0.7594728171334432, 0.5168161434977578)","(0.27726809378185524, 0.8962108731466227, 0.4235110938108213)"
LR,"{'C': 10, 'penalty': 'l1'}",0.8751592356687898,0.8543320691987095,0.5651609891705084,0.08450675010681152,"(0.7692307692307693, 0.04942339373970346, 0.09287925696594428)","(0.7564102564102564, 0.09719934102141681, 0.17226277372262774)","(0.7397959183673469, 0.23887973640856672, 0.36114570361145704)","(0.6632653061224489, 0.42833607907743, 0.5205205205205206)","(0.49044585987261147, 0.6342668863261944, 0.5531609195402298)","(0.39167374681393374, 0.7594728171334432, 0.5168161434977578)","(0.27726809378185524, 0.8962108731466227, 0.4235110938108213)"
LR,"{'C': 10, 'penalty': 'l2'}",0.8743949044585987,0.8539442887033236,0.5646903088854782,0.1648261547088623,"(0.7692307692307693, 0.04942339373970346, 0.09287925696594428)","(0.7564102564102564, 0.09719934102141681, 0.17226277372262774)","(0.7397959183673469, 0.23887973640856672, 0.36114570361145704)","(0.6632653061224489, 0.42833607907743, 0.5205205205205206)","(0.49171974522292994, 0.6359143327841845, 0.5545977011494253)","(0.39167374681393374, 0.7594728171334432, 0.5168161434977578)","(0.27726809378185524, 0.8962108731466227, 0.4235110938108213)"
DT,"{'criterion': 'gini', 'max_depth': 1, 'min_samples_split': 2}",0.8652229299363058,0.6328994759749874,0.29807089132457243,0.03990292549133301,"(1.0, 0.0642504118616145, 0.12074303405572755)","(1.0, 0.128500823723229, 0.22773722627737225)","(0.9183673469387755, 0.29654036243822074, 0.44831880448318806)","(0.7397959183673469, 0.47775947281713343, 0.5805805805805806)","(0.7732484076433122, 1.0, 0.8721264367816093)","(0.5157179269328802, 1.0, 0.6804932735426009)","(0.30937818552497454, 1.0, 0.47255741533670687)"
DT,"{'criterion': 'gini', 'max_depth': 1, 'min_samples_split': 5}",0.8652229299363058,0.6328994759749874,0.29807089132457243,0.04076814651489258,"(1.0, 0.0642504118616145, 0.12074303405572755)","(1.0, 0.128500823723229, 0.22773722627737225)","(0.9183673469387755, 0.29654036243822074, 0.44831880448318806)","(0.7397959183673469, 0.47775947281713343, 0.5805805805805806)","(0.7732484076433122, 1.0, 0.8721264367816093)","(0.5157179269328802, 1.0, 0.6804932735426009)","(0.30937818552497454, 1.0, 0.47255741533670687)"
DT,"{'criterion': 'gini', 'max_depth': 1, 'min_samples_split': 10}",0.8652229299363058,0.6328994759749874,0.29807089132457243,0.039891958236694336,"(1.0, 0.0642504118616145, 0.12074303405572755)","(1.0, 0.128500823723229, 0.22773722627737225)","(0.9183673469387755, 0.29654036243822074, 0.44831880448318806)","(0.7397959183673469, 0.47775947281713343, 0.5805805805805806)","(0.7732484076433122, 1.0, 0.8721264367816093)","(0.5157179269328802, 1.0, 0.6804932735426009)","(0.30937818552497454, 1.0, 0.47255741533670687)"
DT,"{'criterion': 'gini', 'max_depth': 5, 'min_samples_split': 2}",0.8736305732484076,0.8326220714131795,0.5039824851598154,0.07953786849975586,"(0.7435897435897436, 0.047775947281713346, 0.08978328173374614)","(0.8717948717948718, 0.11202635914332784, 0.19854014598540146)","(0.8061224489795918, 0.2602965403624382, 0.3935242839352428)","(0.6989795918367347, 0.4514003294892916, 0.5485485485485485)","(0.6178343949044586, 0.7990115321252059, 0.69683908045977)","(0.41206457094307564, 0.7990115321252059, 0.5437219730941705)","(0.29561671763506625, 0.9555189456342669, 0.45153756325418454)"
DT,"{'criterion': 'gini', 'max_depth': 5, 'min_samples_split': 5}",0.8736305732484076,0.8326220714131795,0.5039824851598154,0.08162689208984375,"(0.7435897435897436, 0.047775947281713346, 0.08978328173374614)","(0.8717948717948718, 0.11202635914332784, 0.19854014598540146)","(0.8061224489795918, 0.2602965403624382, 0.3935242839352428)","(0.6989795918367347, 0.4514003294892916, 0.5485485485485485)","(0.6178343949044586, 0.7990115321252059, 0.69683908045977)","(0.41206457094307564, 0.7990115321252059, 0.5437219730941705)","(0.29561671763506625, 0.9555189456342669, 0.45153756325418454)"
DT,"{'criterion': 'gini', 'max_depth': 5, 'min_samples_split': 10}",0.8736305732484076,0.8326220714131795,0.5039824851598154,0.08114099502563477,"(0.7435897435897436, 0.047775947281713346, 0.08978328173374614)","(0.8717948717948718, 0.11202635914332784, 0.19854014598540146)","(0.8061224489795918, 0.2602965403624382, 0.3935242839352428)","(0.6989795918367347, 0.4514003294892916, 0.5485485485485485)","(0.6178343949044586, 0.7990115321252059, 0.69683908045977)","(0.41206457094307564, 0.7990115321252059, 0.5437219730941705)","(0.29561671763506625, 0.9555189456342669, 0.45153756325418454)"
DT,"{'criterion': 'gini', 'max_depth': 10, 'min_samples_split': 2}",0.8721019108280255,0.8247830464949311,0.49512806072275206,0.12651395797729492,"(0.7692307692307693, 0.04942339373970346, 0.09287925696594428)","(0.6153846153846154, 0.07907742998352553, 0.14014598540145987)","(0.7091836734693877, 0.22899505766062603, 0.34620174346201743)","(0.6275510204081632, 0.4052718286655684, 0.49249249249249244)","(0.4942675159235669, 0.6392092257001647, 0.557471264367816)","(0.38912489379779097, 0.7545304777594728, 0.5134529147982063)","(0.2716615698267074, 0.8780889621087314, 0.4149474503697937)"
DT,"{'criterion': 'gini', 'max_depth': 10, 'min_samples_split': 5}",0.8721019108280255,0.8293927188626165,0.499156681848345,0.1334240436553955,"(0.6923076923076923, 0.044481054365733116, 0.08359133126934985)","(0.6153846153846154, 0.07907742998352553, 0.14014598540145987)","(0.7091836734693877, 0.22899505766062603, 0.34620174346201743)","(0.6275510204081632, 0.4052718286655684, 0.49249249249249244)","(0.4980891719745223, 0.6441515650741351, 0.5617816091954022)","(0.39167374681393374, 0.7594728171334432, 0.5168161434977578)","(0.273190621814475, 0.8830313014827018, 0.4172829894900739)"
DT,"{'criterion': 'gini', 'max_depth': 10, 'min_samples_split': 10}",0.8718471337579617,0.830342061125328,0.5046646999008383,0.12825274467468262,"(0.6666666666666666, 0.042833607907743, 0.0804953560371517)","(0.6410256410256411, 0.08237232289950576, 0.14598540145985398)","(0.7244897959183674, 0.23393739703459637, 0.35367372353673726)","(0.6301020408163265, 0.40691927512355847, 0.49449449449449445)","(0.4980891719745223, 0.6441515650741351, 0.5617816091954022)","(0.3925233644859813, 0.7611202635914333, 0.5179372197309418)","(0.27370030581039756, 0.8846787479406919, 0.4180615025301674)"
DT,"{'criterion': 'gini', 'max_depth': 20, 'min_samples_split': 2}",0.8422929936305732,0.6538848058565282,0.32760120195890596,0.19031310081481934,"(1.0, 0.0642504118616145, 0.12074303405572755)","(1.0, 0.128500823723229, 0.22773722627737225)","(1.0, 0.3228995057660626, 0.4881693648816936)","(0.5255102040816326, 0.3393739703459638, 0.41241241241241244)","(0.38598726114649684, 0.49917627677100496, 0.4353448275862069)","(0.28462192013593884, 0.5518945634266886, 0.3755605381165919)","(0.2161060142711519, 0.6985172981878089, 0.3300895289996107)"
DT,"{'criterion': 'gini', 'max_depth': 20, 'min_samples_split': 5}",0.8463694267515923,0.6811560526030945,0.35618379694059793,0.18976187705993652,"(1.0, 0.0642504118616145, 0.12074303405572755)","(1.0, 0.128500823723229, 0.22773722627737225)","(0.8877551020408163, 0.28665568369028005, 0.4333748443337484)","(0.5408163265306123, 0.34925864909390447, 0.42442442442442446)","(0.4012738853503185, 0.5189456342668863, 0.4525862068965517)","(0.30501274426508074, 0.5914332784184514, 0.4024663677130045)","(0.20030581039755352, 0.6474464579901154, 0.3059556247567147)"
DT,"{'criterion': 'gini', 'max_depth': 20, 'min_samples_split': 10}",0.8435668789808917,0.7120044627030634,0.37908901500708797,0.19515109062194824,"(1.0, 0.0642504118616145, 0.12074303405572755)","(1.0, 0.128500823723229, 0.22773722627737225)","(0.6836734693877551, 0.22075782537067545, 0.33374844333748444)","(0.548469387755102, 0.3542009884678748, 0.4304304304304304)","(0.41656050955414015, 0.5387149917627677, 0.4698275862068965)","(0.33135089209855567, 0.642504118616145, 0.4372197309417041)","(0.21865443425076453, 0.7067545304777595, 0.33398209420007785)"
DT,"{'criterion': 'gini', 'max_depth': 50, 'min_samples_split': 2}",0.8203821656050956,0.6543488018526076,0.26417055301355624,0.23647212982177734,"(1.0, 0.0642504118616145, 0.12074303405572755)","(1.0, 0.128500823723229, 0.22773722627737225)","(1.0, 0.3228995057660626, 0.4881693648816936)","(0.6352040816326531, 0.4102141680395387, 0.49849849849849853)","(0.5286624203821656, 0.6836902800658978, 0.5962643678160919)","(0.5157179269328802, 1.0, 0.6804932735426009)","(0.30937818552497454, 1.0, 0.47255741533670687)"
DT,"{'criterion': 'gini', 'max_depth': 50, 'min_samples_split': 5}",0.8244585987261146,0.6821096152681245,0.2935436938323215,0.21161770820617676,"(1.0, 0.0642504118616145, 0.12074303405572755)","(1.0, 0.128500823723229, 0.22773722627737225)","(1.0, 0.3228995057660626, 0.4881693648816936)","(0.5025510204081632, 0.3245469522240527, 0.3943943943943944)","(0.38471337579617837, 0.4975288303130148, 0.4339080459770115)","(0.5157179269328802, 1.0, 0.6804932735426009)","(0.30937818552497454, 1.0, 0.47255741533670687)"
DT,"{'criterion': 'gini', 'max_depth': 50, 'min_samples_split': 10}",0.8300636942675159,0.7061897413439547,0.3307410941913413,0.2166893482208252,"(1.0, 0.0642504118616145, 0.12074303405572755)","(1.0, 0.128500823723229, 0.22773722627737225)","(0.7295918367346939, 0.2355848434925865, 0.35616438356164387)","(0.49489795918367346, 0.31960461285008235, 0.38838838838838835)","(0.4050955414012739, 0.5238879736408567, 0.45689655172413796)","(0.421410365335599, 0.8171334431630972, 0.5560538116591929)","(0.30937818552497454, 1.0, 0.47255741533670687)"
DT,"{'criterion': 'gini', 'max_depth': 100, 'min_samples_split': 2}",0.8203821656050956,0.6571166409966903,0.26664421793562687,0.21422910690307617,"(1.0, 0.0642504118616145, 0.12074303405572755)","(1.0, 0.128500823723229, 0.22773722627737225)","(1.0, 0.3228995057660626, 0.4881693648816936)","(0.6454081632653061, 0.41680395387149916, 0.5065065065065065)","(0.5235668789808917, 0.6771004942339374, 0.5905172413793104)","(0.5157179269328802, 1.0, 0.6804932735426009)","(0.30937818552497454, 1.0, 0.47255741533670687)"
DT,"{'criterion': 'gini', 'max_depth': 100, 'min_samples_split': 5}",0.8262420382165605,0.6760081548103153,0.29133618442325926,0.20049095153808594,"(1.0, 0.0642504118616145, 0.12074303405572755)","(1.0, 0.128500823723229, 0.22773722627737225)","(1.0, 0.3228995057660626, 0.4881693648816936)","(0.5051020408163265, 0.3261943986820428, 0.39639639639639634)","(0.37579617834394907, 0.48599670510708404, 0.4238505747126437)","(0.5157179269328802, 1.0, 0.6804932735426009)","(0.30937818552497454, 1.0, 0.47255741533670687)"
DT,"{'criterion': 'gini', 'max_depth': 100, 'min_samples_split': 10}",0.8310828025477707,0.7039469699000906,0.33187776340011416,0.20502710342407227,"(1.0, 0.0642504118616145, 0.12074303405572755)","(1.0, 0.128500823723229, 0.22773722627737225)","(0.7295918367346939, 0.2355848434925865, 0.35616438356164387)","(0.5076530612244898, 0.32784184514003295, 0.3983983983983984)","(0.3974522292993631, 0.514003294892916, 0.4482758620689655)","(0.41206457094307564, 0.7990115321252059, 0.5437219730941705)","(0.30937818552497454, 1.0, 0.47255741533670687)"
DT,"{'criterion': 'entropy', 'max_depth': 1, 'min_samples_split': 2}",0.8453503184713376,0.7208588667673606,0.28339964728462186,0.053108930587768555,"(1.0, 0.0642504118616145, 0.12074303405572755)","(1.0, 0.128500823723229, 0.22773722627737225)","(1.0, 0.3228995057660626, 0.4881693648816936)","(1.0, 0.6457990115321252, 0.7847847847847846)","(0.5235668789808917, 0.6771004942339374, 0.5905172413793104)","(0.3491928632115548, 0.6771004942339374, 0.46076233183856496)","(0.30937818552497454, 1.0, 0.47255741533670687)"
DT,"{'criterion': 'entropy', 'max_depth': 1, 'min_samples_split': 5}",0.8453503184713376,0.7208588667673606,0.28339964728462186,0.05737590789794922,"(1.0, 0.0642504118616145, 0.12074303405572755)","(1.0, 0.128500823723229, 0.22773722627737225)","(1.0, 0.3228995057660626, 0.4881693648816936)","(1.0, 0.6457990115321252, 0.7847847847847846)","(0.5235668789808917, 0.6771004942339374, 0.5905172413793104)","(0.3491928632115548, 0.6771004942339374, 0.46076233183856496)","(0.30937818552497454, 1.0, 0.47255741533670687)"
DT,"{'criterion': 'entropy', 'max_depth': 1, 'min_samples_split': 10}",0.8453503184713376,0.7208588667673606,0.28339964728462186,0.047477006912231445,"(1.0, 0.0642504118616145, 0.12074303405572755)","(1.0, 0.128500823723229, 0.22773722627737225)","(1.0, 0.3228995057660626, 0.4881693648816936)","(1.0, 0.6457990115321252, 0.7847847847847846)","(0.5235668789808917, 0.6771004942339374, 0.5905172413793104)","(0.3491928632115548, 0.6771004942339374, 0.46076233183856496)","(0.30937818552497454, 1.0, 0.47255741533670687)"
DT,"{'criterion': 'entropy', 'max_depth': 5, 'min_samples_split': 2}",0.8710828025477707,0.8370482804094882,0.500081149864309,0.09795522689819336,"(1.0, 0.0642504118616145, 0.12074303405572755)","(0.7307692307692307, 0.09390444810543658, 0.16642335766423358)","(0.8214285714285714, 0.2652388797364086, 0.4009962640099627)","(0.6785714285714286, 0.4382207578253707, 0.5325325325325325)","(0.6178343949044586, 0.7990115321252059, 0.69683908045977)","(0.41206457094307564, 0.7990115321252059, 0.5437219730941705)","(0.2823649337410805, 0.9126853377265239, 0.4312962242117555)"
DT,"{'criterion': 'entropy', 'max_depth': 5, 'min_samples_split': 5}",0.8710828025477707,0.8370482804094882,0.500081149864309,0.09194016456604004,"(1.0, 0.0642504118616145, 0.12074303405572755)","(0.7307692307692307, 0.09390444810543658, 0.16642335766423358)","(0.8214285714285714, 0.2652388797364086, 0.4009962640099627)","(0.6785714285714286, 0.4382207578253707, 0.5325325325325325)","(0.6178343949044586, 0.7990115321252059, 0.69683908045977)","(0.41206457094307564, 0.7990115321252059, 0.5437219730941705)","(0.2823649337410805, 0.9126853377265239, 0.4312962242117555)"
DT,"{'criterion': 'entropy', 'max_depth': 5, 'min_samples_split': 10}",0.8710828025477707,0.8370482804094882,0.500081149864309,0.0914609432220459,"(1.0, 0.0642504118616145, 0.12074303405572755)","(0.7307692307692307, 0.09390444810543658, 0.16642335766423358)","(0.8214285714285714, 0.2652388797364086, 0.4009962640099627)","(0.6785714285714286, 0.4382207578253707, 0.5325325325325325)","(0.6178343949044586, 0.7990115321252059, 0.69683908045977)","(0.41206457094307564, 0.7990115321252059, 0.5437219730941705)","(0.2823649337410805, 0.9126853377265239, 0.4312962242117555)"
DT,"{'criterion': 'entropy', 'max_depth': 10, 'min_samples_split': 2}",0.8723566878980892,0.8349912066676398,0.5142342019921297,0.14940309524536133,"(1.0, 0.0642504118616145, 0.12074303405572755)","(0.6794871794871795, 0.08731466227347612, 0.15474452554744525)","(0.6938775510204082, 0.22405271828665568, 0.3387297633872976)","(0.6326530612244898, 0.4085667215815486, 0.4964964964964965)","(0.5171974522292994, 0.6688632619439868, 0.5833333333333334)","(0.39082412914188613, 0.7578253706754531, 0.5156950672645739)","(0.2762487257900102, 0.8929159802306426, 0.42195406773063454)"
DT,"{'criterion': 'entropy', 'max_depth': 10, 'min_samples_split': 5}",0.8728662420382166,0.8351203013267952,0.5179450777861357,0.1538400650024414,"(1.0, 0.0642504118616145, 0.12074303405572755)","(0.7051282051282052, 0.09060955518945635, 0.16058394160583944)","(0.6989795918367347, 0.2257001647446458, 0.3412204234122042)","(0.6352040816326531, 0.4102141680395387, 0.49849849849849853)","(0.5171974522292994, 0.6688632619439868, 0.5833333333333334)","(0.39082412914188613, 0.7578253706754531, 0.5156950672645739)","(0.2762487257900102, 0.8929159802306426, 0.42195406773063454)"
DT,"{'criterion': 'entropy', 'max_depth': 10, 'min_samples_split': 10}",0.8733757961783439,0.8364896977496815,0.5188234651860768,0.1495816707611084,"(1.0, 0.0642504118616145, 0.12074303405572755)","(0.717948717948718, 0.09225700164744646, 0.16350364963503652)","(0.6989795918367347, 0.2257001647446458, 0.3412204234122042)","(0.6377551020408163, 0.41186161449752884, 0.5005005005005004)","(0.5171974522292994, 0.6688632619439868, 0.5833333333333334)","(0.39082412914188613, 0.7578253706754531, 0.5156950672645739)","(0.27675840978593275, 0.8945634266886326, 0.4227325807707279)"
DT,"{'criterion': 'entropy', 'max_depth': 20, 'min_samples_split': 2}",0.8433121019108281,0.6756702743658721,0.3325806592198432,0.22015905380249023,"(1.0, 0.0642504118616145, 0.12074303405572755)","(1.0, 0.128500823723229, 0.22773722627737225)","(0.9132653061224489, 0.29489291598023065, 0.4458281444582814)","(0.4770408163265306, 0.30807248764415157, 0.37437437437437443)","(0.40254777070063696, 0.5205930807248764, 0.4540229885057471)","(0.2939677145284622, 0.5700164744645799, 0.38789237668161436)","(0.26758409785932724, 0.8649093904448105, 0.4087193460490463)"
DT,"{'criterion': 'entropy', 'max_depth': 20, 'min_samples_split': 5}",0.8461146496815286,0.6937969023240018,0.35229031068464,0.22336983680725098,"(1.0, 0.0642504118616145, 0.12074303405572755)","(1.0, 0.128500823723229, 0.22773722627737225)","(0.8214285714285714, 0.2652388797364086, 0.4009962640099627)","(0.5153061224489796, 0.33278418451400327, 0.4044044044044044)","(0.42547770700636944, 0.5502471169686985, 0.4798850574712644)","(0.3109600679694138, 0.6029654036243822, 0.4103139013452915)","(0.24974515800203873, 0.8072487644151565, 0.3814713896457766)"
DT,"{'criterion': 'entropy', 'max_depth': 20, 'min_samples_split': 10}",0.8468789808917198,0.716796108888366,0.3725728061760598,0.22353100776672363,"(1.0, 0.0642504118616145, 0.12074303405572755)","(1.0, 0.128500823723229, 0.22773722627737225)","(0.673469387755102, 0.21746293245469522, 0.32876712328767127)","(0.5076530612244898, 0.32784184514003295, 0.3983983983983984)","(0.4191082802547771, 0.5420098846787479, 0.47270114942528735)","(0.33050127442650806, 0.6408566721581549, 0.4360986547085202)","(0.2222222222222222, 0.7182866556836903, 0.33943168548073177)"
DT,"{'criterion': 'entropy', 'max_depth': 50, 'min_samples_split': 2}",0.818343949044586,0.6504230829194856,0.2600860505122957,0.2523539066314697,"(1.0, 0.0642504118616145, 0.12074303405572755)","(1.0, 0.128500823723229, 0.22773722627737225)","(1.0, 0.3228995057660626, 0.4881693648816936)","(0.6275510204081632, 0.4052718286655684, 0.49249249249249244)","(0.5222929936305732, 0.6754530477759473, 0.589080459770115)","(0.5157179269328802, 1.0, 0.6804932735426009)","(0.30937818552497454, 1.0, 0.47255741533670687)"
DT,"{'criterion': 'entropy', 'max_depth': 50, 'min_samples_split': 5}",0.821656050955414,0.6711730633070279,0.2816935090197705,0.2508080005645752,"(1.0, 0.0642504118616145, 0.12074303405572755)","(1.0, 0.128500823723229, 0.22773722627737225)","(1.0, 0.3228995057660626, 0.4881693648816936)","(0.5459183673469388, 0.3525535420098847, 0.4284284284284285)","(0.4369426751592357, 0.5650741350906096, 0.492816091954023)","(0.5157179269328802, 1.0, 0.6804932735426009)","(0.30937818552497454, 1.0, 0.47255741533670687)"
DT,"{'criterion': 'entropy', 'max_depth': 50, 'min_samples_split': 10}",0.8285350318471337,0.7074360013227237,0.3176399646172766,0.24673008918762207,"(1.0, 0.0642504118616145, 0.12074303405572755)","(1.0, 0.128500823723229, 0.22773722627737225)","(0.7653061224489796, 0.2471169686985173, 0.37359900373599003)","(0.4872448979591837, 0.31466227347611203, 0.3823823823823824)","(0.39490445859872614, 0.5107084019769358, 0.44540229885057475)","(0.5131690739167375, 0.9950576606260296, 0.6771300448430493)","(0.30937818552497454, 1.0, 0.47255741533670687)"
DT,"{'criterion': 'entropy', 'max_depth': 100, 'min_samples_split': 2}",0.8196178343949044,0.6526258846708037,0.26260613072027633,0.2668449878692627,"(1.0, 0.0642504118616145, 0.12074303405572755)","(1.0, 0.128500823723229, 0.22773722627737225)","(1.0, 0.3228995057660626, 0.4881693648816936)","(0.6326530612244898, 0.4085667215815486, 0.4964964964964965)","(0.5273885350318471, 0.6820428336079077, 0.5948275862068966)","(0.5157179269328802, 1.0, 0.6804932735426009)","(0.30937818552497454, 1.0, 0.47255741533670687)"
DT,"{'criterion': 'entropy', 'max_depth': 100, 'min_samples_split': 5}",0.8262420382165605,0.6779289343831709,0.2895098482187692,0.24400901794433594,"(1.0, 0.0642504118616145, 0.12074303405572755)","(1.0, 0.128500823723229, 0.22773722627737225)","(1.0, 0.3228995057660626, 0.4881693648816936)","(0.5561224489795918, 0.35914332784184516, 0.4364364364364365)","(0.44331210191082804, 0.5733113673805601, 0.5)","(0.5157179269328802, 1.0, 0.6804932735426009)","(0.30937818552497454, 1.0, 0.47255741533670687)"
DT,"{'criterion': 'entropy', 'max_depth': 100, 'min_samples_split': 10}",0.8270063694267515,0.701624507330094,0.3139472466729265,0.24541711807250977,"(1.0, 0.0642504118616145, 0.12074303405572755)","(1.0, 0.128500823723229, 0.22773722627737225)","(0.7704081632653061, 0.2487644151565074, 0.37608966376089664)","(0.47959183673469385, 0.30971993410214166, 0.37637637637637633)","(0.3923566878980892, 0.5074135090609555, 0.44252873563218387)","(0.5097706032285472, 0.9884678747940692, 0.672645739910314)","(0.30937818552497454, 1.0, 0.47255741533670687)"
KNN,"{'algorithm': 'auto', 'n_neighbors': 1, 'weights': 'uniform'}",0.8163057324840765,0.6181000145976268,0.23242880120023712,1.013132095336914,"(1.0, 0.0642504118616145, 0.12074303405572755)","(1.0, 0.128500823723229, 0.22773722627737225)","(1.0, 0.3228995057660626, 0.4881693648816936)","(0.5127551020408163, 0.3311367380560132, 0.40240240240240244)","(0.5987261146496815, 0.7742998352553542, 0.675287356321839)","(0.5157179269328802, 1.0, 0.6804932735426009)","(0.30937818552497454, 1.0, 0.47255741533670687)"
KNN,"{'algorithm': 'auto', 'n_neighbors': 1, 'weights': 'distance'}",0.8163057324840765,0.6181000145976268,0.23242880120023712,1.0047481060028076,"(1.0, 0.0642504118616145, 0.12074303405572755)","(1.0, 0.128500823723229, 0.22773722627737225)","(1.0, 0.3228995057660626, 0.4881693648816936)","(0.5127551020408163, 0.3311367380560132, 0.40240240240240244)","(0.5987261146496815, 0.7742998352553542, 0.675287356321839)","(0.5157179269328802, 1.0, 0.6804932735426009)","(0.30937818552497454, 1.0, 0.47255741533670687)"
KNN,"{'algorithm': 'auto', 'n_neighbors': 5, 'weights': 'uniform'}",0.8585987261146497,0.7283242619509381,0.37270002712726635,1.3596270084381104,"(0.8717948717948718, 0.05601317957166392, 0.10526315789473684)","(0.8974358974358975, 0.11532125205930807, 0.20437956204379565)","(0.7857142857142857, 0.25370675453047775, 0.3835616438356164)","(0.6658163265306123, 0.4299835255354201, 0.5225225225225225)","(0.5375796178343949, 0.6952224052718287, 0.6063218390804598)","(0.35853865760407816, 0.6952224052718287, 0.4730941704035874)","(0.30937818552497454, 1.0, 0.47255741533670687)"
KNN,"{'algorithm': 'auto', 'n_neighbors': 5, 'weights': 'distance'}",0.8468789808917198,0.7280670656684669,0.386032438449038,1.3991479873657227,"(0.8974358974358975, 0.057660626029654036, 0.10835913312693499)","(0.6538461538461539, 0.08401976935749589, 0.1489051094890511)","(0.5459183673469388, 0.17627677100494235, 0.26650062266500624)","(0.46938775510204084, 0.3031301482701812, 0.36836836836836834)","(0.38471337579617837, 0.4975288303130148, 0.4339080459770115)","(0.32030586236193714, 0.6210873146622735, 0.42264573991031396)","(0.30937818552497454, 1.0, 0.47255741533670687)"
KNN,"{'algorithm': 'auto', 'n_neighbors': 10, 'weights': 'uniform'}",0.8639490445859873,0.7525352204986431,0.4133404019632665,1.6416118144989014,"(0.8205128205128205, 0.05271828665568369, 0.09907120743034055)","(0.8333333333333334, 0.1070840197693575, 0.1897810218978102)","(0.75, 0.24217462932454695, 0.36612702366127026)","(0.5561224489795918, 0.35914332784184516, 0.4364364364364365)","(0.4853503184713376, 0.627677100494234, 0.5474137931034483)","(0.32370433305012747, 0.627677100494234, 0.42713004484304934)","(0.254841997961264, 0.8237232289950577, 0.38925652004671074)"
KNN,"{'algorithm': 'auto', 'n_neighbors': 10, 'weights': 'distance'}",0.8547770700636943,0.7536111748309108,0.4189160951632745,1.6553270816802979,"(0.7435897435897436, 0.047775947281713346, 0.08978328173374614)","(0.7307692307692307, 0.09390444810543658, 0.16642335766423358)","(0.6479591836734694, 0.20922570016474465, 0.3163138231631383)","(0.49744897959183676, 0.3212520593080725, 0.3903903903903904)","(0.38980891719745225, 0.5041186161449753, 0.43965517241379315)","(0.3254035683942226, 0.6309719934102141, 0.429372197309417)","(0.24617737003058104, 0.7957166392092258, 0.3760217983651226)"
KNN,"{'algorithm': 'auto', 'n_neighbors': 25, 'weights': 'uniform'}",0.8639490445859873,0.7827254960958796,0.4615058338185001,2.127505302429199,"(0.7948717948717948, 0.051070840197693576, 0.09597523219814241)","(0.7435897435897436, 0.09555189456342669, 0.16934306569343066)","(0.7295918367346939, 0.2355848434925865, 0.35616438356164387)","(0.6377551020408163, 0.41186161449752884, 0.5005005005005004)","(0.4484076433121019, 0.5799011532125206, 0.5057471264367815)","(0.3449447748513169, 0.6688632619439868, 0.4551569506726457)","(0.2670744138634047, 0.8632619439868204, 0.4079408330089529)"
KNN,"{'algorithm': 'auto', 'n_neighbors': 25, 'weights': 'distance'}",0.861656050955414,0.7793432160260095,0.45488615079805284,2.143141269683838,"(0.7692307692307693, 0.04942339373970346, 0.09287925696594428)","(0.6923076923076923, 0.08896210873146623, 0.15766423357664233)","(0.6581632653061225, 0.21252059308072488, 0.32129514321295144)","(0.548469387755102, 0.3542009884678748, 0.4304304304304304)","(0.41273885350318473, 0.5337726523887973, 0.46551724137931033)","(0.33984706881903143, 0.6589785831960461, 0.44843049327354256)","(0.25229357798165136, 0.8154859967051071, 0.3853639548462437)"
KNN,"{'algorithm': 'auto', 'n_neighbors': 50, 'weights': 'uniform'}",0.861656050955414,0.7929311736789892,0.47560858056129074,2.680063009262085,"(0.8205128205128205, 0.05271828665568369, 0.09907120743034055)","(0.7051282051282052, 0.09060955518945635, 0.16058394160583944)","(0.7244897959183674, 0.23393739703459637, 0.35367372353673726)","(0.6147959183673469, 0.3970345963756178, 0.4824824824824825)","(0.42547770700636944, 0.5502471169686985, 0.4798850574712644)","(0.35344095157179267, 0.685337726523888, 0.4663677130044843)","(0.26962283384301733, 0.871499176276771, 0.41183339820942)"
KNN,"{'algorithm': 'auto', 'n_neighbors': 50, 'weights': 'distance'}",0.8621656050955414,0.7894066412250884,0.46561784299424447,2.779343843460083,"(0.7435897435897436, 0.047775947281713346, 0.08978328173374614)","(0.717948717948718, 0.09225700164744646, 0.16350364963503652)","(0.6632653061224489, 0.214168039538715, 0.32378580323785805)","(0.5561224489795918, 0.35914332784184516, 0.4364364364364365)","(0.4152866242038217, 0.5370675453047776, 0.46839080459770116)","(0.34579439252336447, 0.6705107084019769, 0.4562780269058295)","(0.25535168195718655, 0.8253706754530478, 0.39003503308680426)"
KNN,"{'algorithm': 'auto', 'n_neighbors': 100, 'weights': 'uniform'}",0.8593630573248408,0.7939904946609428,0.479057790922808,3.516549825668335,"(0.7435897435897436, 0.047775947281713346, 0.08978328173374614)","(0.7564102564102564, 0.09719934102141681, 0.17226277372262774)","(0.7346938775510204, 0.2372322899505766, 0.3586550435865504)","(0.6020408163265306, 0.38879736408566723, 0.4724724724724725)","(0.42420382165605097, 0.5485996705107083, 0.47844827586206895)","(0.35089209855564996, 0.6803953871499177, 0.46300448430493274)","(0.2619775739041794, 0.8467874794069192, 0.4001557026080187)"
KNN,"{'algorithm': 'auto', 'n_neighbors': 100, 'weights': 'distance'}",0.8624203821656051,0.7921667843414137,0.4697809241913198,3.5877950191497803,"(0.7692307692307693, 0.04942339373970346, 0.09287925696594428)","(0.717948717948718, 0.09225700164744646, 0.16350364963503652)","(0.6938775510204082, 0.22405271828665568, 0.3387297633872976)","(0.5688775510204082, 0.3673805601317957, 0.44644644644644643)","(0.42547770700636944, 0.5502471169686985, 0.4798850574712644)","(0.34239592183517414, 0.6639209225700164, 0.4517937219730941)","(0.2579001019367992, 0.8336079077429983, 0.39392759828727125)"
KNN,"{'algorithm': 'ball_tree', 'n_neighbors': 1, 'weights': 'uniform'}",0.8163057324840765,0.6181000145976268,0.23242880120023712,5.954669713973999,"(1.0, 0.0642504118616145, 0.12074303405572755)","(1.0, 0.128500823723229, 0.22773722627737225)","(1.0, 0.3228995057660626, 0.4881693648816936)","(0.5127551020408163, 0.3311367380560132, 0.40240240240240244)","(0.5987261146496815, 0.7742998352553542, 0.675287356321839)","(0.5157179269328802, 1.0, 0.6804932735426009)","(0.30937818552497454, 1.0, 0.47255741533670687)"
KNN,"{'algorithm': 'ball_tree', 'n_neighbors': 1, 'weights': 'distance'}",0.8163057324840765,0.6181000145976268,0.23242880120023712,4.976128101348877,"(1.0, 0.0642504118616145, 0.12074303405572755)","(1.0, 0.128500823723229, 0.22773722627737225)","(1.0, 0.3228995057660626, 0.4881693648816936)","(0.5127551020408163, 0.3311367380560132, 0.40240240240240244)","(0.5987261146496815, 0.7742998352553542, 0.675287356321839)","(0.5157179269328802, 1.0, 0.6804932735426009)","(0.30937818552497454, 1.0, 0.47255741533670687)"
KNN,"{'algorithm': 'ball_tree', 'n_neighbors': 5, 'weights': 'uniform'}",0.8588535031847134,0.7290561293647647,0.37415131507005706,5.4281511306762695,"(0.8461538461538461, 0.054365733113673806, 0.10216718266253871)","(0.8974358974358975, 0.11532125205930807, 0.20437956204379565)","(0.7908163265306123, 0.2553542009884679, 0.386052303860523)","(0.6658163265306123, 0.4299835255354201, 0.5225225225225225)","(0.5388535031847134, 0.6968698517298187, 0.6077586206896551)","(0.35938827527612577, 0.6968698517298187, 0.4742152466367712)","(0.30937818552497454, 1.0, 0.47255741533670687)"
KNN,"{'algorithm': 'ball_tree', 'n_neighbors': 5, 'weights': 'distance'}",0.8468789808917198,0.7286092632369194,0.3865037720207981,6.033185958862305,"(0.8717948717948718, 0.05601317957166392, 0.10526315789473684)","(0.6538461538461539, 0.08401976935749589, 0.1489051094890511)","(0.5459183673469388, 0.17627677100494235, 0.26650062266500624)","(0.46938775510204084, 0.3031301482701812, 0.36836836836836834)","(0.38471337579617837, 0.4975288303130148, 0.4339080459770115)","(0.32030586236193714, 0.6210873146622735, 0.42264573991031396)","(0.30937818552497454, 1.0, 0.47255741533670687)"
KNN,"{'algorithm': 'ball_tree', 'n_neighbors': 10, 'weights': 'uniform'}",0.8636942675159236,0.75274648887353,0.41271073189764923,5.797179937362671,"(0.8205128205128205, 0.05271828665568369, 0.09907120743034055)","(0.8333333333333334, 0.1070840197693575, 0.1897810218978102)","(0.7448979591836735, 0.24052718286655683, 0.36363636363636365)","(0.5561224489795918, 0.35914332784184516, 0.4364364364364365)","(0.48662420382165605, 0.6293245469522241, 0.5488505747126436)","(0.324553950722175, 0.6293245469522241, 0.4282511210762332)","(0.254841997961264, 0.8237232289950577, 0.38925652004671074)"
KNN,"{'algorithm': 'ball_tree', 'n_neighbors': 10, 'weights': 'distance'}",0.8547770700636943,0.7535754255406831,0.41885744369292,5.7561211585998535,"(0.7435897435897436, 0.047775947281713346, 0.08978328173374614)","(0.7307692307692307, 0.09390444810543658, 0.16642335766423358)","(0.6479591836734694, 0.20922570016474465, 0.3163138231631383)","(0.49744897959183676, 0.3212520593080725, 0.3903903903903904)","(0.38980891719745225, 0.5041186161449753, 0.43965517241379315)","(0.3254035683942226, 0.6309719934102141, 0.429372197309417)","(0.24617737003058104, 0.7957166392092258, 0.3760217983651226)"
KNN,"{'algorithm': 'ball_tree', 'n_neighbors': 25, 'weights': 'uniform'}",0.8639490445859873,0.7827344334184365,0.46145461509545505,6.210663795471191,"(0.7692307692307693, 0.04942339373970346, 0.09287925696594428)","(0.7435897435897436, 0.09555189456342669, 0.16934306569343066)","(0.7295918367346939, 0.2355848434925865, 0.35616438356164387)","(0.6377551020408163, 0.41186161449752884, 0.5005005005005004)","(0.4484076433121019, 0.5799011532125206, 0.5057471264367815)","(0.3449447748513169, 0.6688632619439868, 0.4551569506726457)","(0.2670744138634047, 0.8632619439868204, 0.4079408330089529)"
KNN,"{'algorithm': 'ball_tree', 'n_neighbors': 25, 'weights': 'distance'}",0.861656050955414,0.7794090046503869,0.45507914795144067,6.334730386734009,"(0.7435897435897436, 0.047775947281713346, 0.08978328173374614)","(0.7051282051282052, 0.09060955518945635, 0.16058394160583944)","(0.6581632653061225, 0.21252059308072488, 0.32129514321295144)","(0.548469387755102, 0.3542009884678748, 0.4304304304304304)","(0.41273885350318473, 0.5337726523887973, 0.46551724137931033)","(0.33984706881903143, 0.6589785831960461, 0.44843049327354256)","(0.25229357798165136, 0.8154859967051071, 0.3853639548462437)"
KNN,"{'algorithm': 'ball_tree', 'n_neighbors': 50, 'weights': 'uniform'}",0.8611464968152867,0.7930855907520558,0.47567083986638103,6.793134927749634,"(0.8205128205128205, 0.05271828665568369, 0.09907120743034055)","(0.7051282051282052, 0.09060955518945635, 0.16058394160583944)","(0.7244897959183674, 0.23393739703459637, 0.35367372353673726)","(0.6147959183673469, 0.3970345963756178, 0.4824824824824825)","(0.42547770700636944, 0.5502471169686985, 0.4798850574712644)","(0.35344095157179267, 0.685337726523888, 0.4663677130044843)","(0.26962283384301733, 0.871499176276771, 0.41183339820942)"
KNN,"{'algorithm': 'ball_tree', 'n_neighbors': 50, 'weights': 'distance'}",0.8621656050955414,0.7894051516713289,0.4655934277529844,6.740816831588745,"(0.7435897435897436, 0.047775947281713346, 0.08978328173374614)","(0.717948717948718, 0.09225700164744646, 0.16350364963503652)","(0.6632653061224489, 0.214168039538715, 0.32378580323785805)","(0.5561224489795918, 0.35914332784184516, 0.4364364364364365)","(0.4152866242038217, 0.5370675453047776, 0.46839080459770116)","(0.34579439252336447, 0.6705107084019769, 0.4562780269058295)","(0.25535168195718655, 0.8253706754530478, 0.39003503308680426)"
KNN,"{'algorithm': 'ball_tree', 'n_neighbors': 100, 'weights': 'uniform'}",0.8593630573248408,0.7939604553267932,0.4788167396499148,7.21794319152832,"(0.7435897435897436, 0.047775947281713346, 0.08978328173374614)","(0.7564102564102564, 0.09719934102141681, 0.17226277372262774)","(0.7346938775510204, 0.2372322899505766, 0.3586550435865504)","(0.6045918367346939, 0.3904448105436573, 0.4744744744744745)","(0.42547770700636944, 0.5502471169686985, 0.4798850574712644)","(0.35089209855564996, 0.6803953871499177, 0.46300448430493274)","(0.2619775739041794, 0.8467874794069192, 0.4001557026080187)"
KNN,"{'algorithm': 'ball_tree', 'n_neighbors': 100, 'weights': 'distance'}",0.8624203821656051,0.7921499027321395,0.4697238707926019,7.2278969287872314,"(0.7692307692307693, 0.04942339373970346, 0.09287925696594428)","(0.717948717948718, 0.09225700164744646, 0.16350364963503652)","(0.6887755102040817, 0.22240527182866557, 0.33623910336239105)","(0.5688775510204082, 0.3673805601317957, 0.44644644644644643)","(0.42547770700636944, 0.5502471169686985, 0.4798850574712644)","(0.34239592183517414, 0.6639209225700164, 0.4517937219730941)","(0.2579001019367992, 0.8336079077429983, 0.39392759828727125)"
KNN,"{'algorithm': 'kd_tree', 'n_neighbors': 1, 'weights': 'uniform'}",0.8163057324840765,0.6181000145976268,0.23242880120023712,0.986353874206543,"(1.0, 0.0642504118616145, 0.12074303405572755)","(1.0, 0.128500823723229, 0.22773722627737225)","(1.0, 0.3228995057660626, 0.4881693648816936)","(0.5127551020408163, 0.3311367380560132, 0.40240240240240244)","(0.5987261146496815, 0.7742998352553542, 0.675287356321839)","(0.5157179269328802, 1.0, 0.6804932735426009)","(0.30937818552497454, 1.0, 0.47255741533670687)"
KNN,"{'algorithm': 'kd_tree', 'n_neighbors': 1, 'weights': 'distance'}",0.8163057324840765,0.6181000145976268,0.23242880120023712,0.9699008464813232,"(1.0, 0.0642504118616145, 0.12074303405572755)","(1.0, 0.128500823723229, 0.22773722627737225)","(1.0, 0.3228995057660626, 0.4881693648816936)","(0.5127551020408163, 0.3311367380560132, 0.40240240240240244)","(0.5987261146496815, 0.7742998352553542, 0.675287356321839)","(0.5157179269328802, 1.0, 0.6804932735426009)","(0.30937818552497454, 1.0, 0.47255741533670687)"
KNN,"{'algorithm': 'kd_tree', 'n_neighbors': 5, 'weights': 'uniform'}",0.8585987261146497,0.7283242619509381,0.37270002712726635,1.4064230918884277,"(0.8717948717948718, 0.05601317957166392, 0.10526315789473684)","(0.8974358974358975, 0.11532125205930807, 0.20437956204379565)","(0.7857142857142857, 0.25370675453047775, 0.3835616438356164)","(0.6658163265306123, 0.4299835255354201, 0.5225225225225225)","(0.5375796178343949, 0.6952224052718287, 0.6063218390804598)","(0.35853865760407816, 0.6952224052718287, 0.4730941704035874)","(0.30937818552497454, 1.0, 0.47255741533670687)"
KNN,"{'algorithm': 'kd_tree', 'n_neighbors': 5, 'weights': 'distance'}",0.8468789808917198,0.7280670656684669,0.386032438449038,1.3721239566802979,"(0.8974358974358975, 0.057660626029654036, 0.10835913312693499)","(0.6538461538461539, 0.08401976935749589, 0.1489051094890511)","(0.5459183673469388, 0.17627677100494235, 0.26650062266500624)","(0.46938775510204084, 0.3031301482701812, 0.36836836836836834)","(0.38471337579617837, 0.4975288303130148, 0.4339080459770115)","(0.32030586236193714, 0.6210873146622735, 0.42264573991031396)","(0.30937818552497454, 1.0, 0.47255741533670687)"
KNN,"{'algorithm': 'kd_tree', 'n_neighbors': 10, 'weights': 'uniform'}",0.8639490445859873,0.7525352204986431,0.4133404019632665,1.6470699310302734,"(0.8205128205128205, 0.05271828665568369, 0.09907120743034055)","(0.8333333333333334, 0.1070840197693575, 0.1897810218978102)","(0.75, 0.24217462932454695, 0.36612702366127026)","(0.5561224489795918, 0.35914332784184516, 0.4364364364364365)","(0.4853503184713376, 0.627677100494234, 0.5474137931034483)","(0.32370433305012747, 0.627677100494234, 0.42713004484304934)","(0.254841997961264, 0.8237232289950577, 0.38925652004671074)"
KNN,"{'algorithm': 'kd_tree', 'n_neighbors': 10, 'weights': 'distance'}",0.8547770700636943,0.7536111748309108,0.4189160951632745,1.6472160816192627,"(0.7435897435897436, 0.047775947281713346, 0.08978328173374614)","(0.7307692307692307, 0.09390444810543658, 0.16642335766423358)","(0.6479591836734694, 0.20922570016474465, 0.3163138231631383)","(0.49744897959183676, 0.3212520593080725, 0.3903903903903904)","(0.38980891719745225, 0.5041186161449753, 0.43965517241379315)","(0.3254035683942226, 0.6309719934102141, 0.429372197309417)","(0.24617737003058104, 0.7957166392092258, 0.3760217983651226)"
KNN,"{'algorithm': 'kd_tree', 'n_neighbors': 25, 'weights': 'uniform'}",0.8639490445859873,0.7827254960958796,0.4615058338185001,2.2004711627960205,"(0.7948717948717948, 0.051070840197693576, 0.09597523219814241)","(0.7435897435897436, 0.09555189456342669, 0.16934306569343066)","(0.7295918367346939, 0.2355848434925865, 0.35616438356164387)","(0.6377551020408163, 0.41186161449752884, 0.5005005005005004)","(0.4484076433121019, 0.5799011532125206, 0.5057471264367815)","(0.3449447748513169, 0.6688632619439868, 0.4551569506726457)","(0.2670744138634047, 0.8632619439868204, 0.4079408330089529)"
KNN,"{'algorithm': 'kd_tree', 'n_neighbors': 25, 'weights': 'distance'}",0.861656050955414,0.7793432160260095,0.45488615079805284,2.273921012878418,"(0.7692307692307693, 0.04942339373970346, 0.09287925696594428)","(0.6923076923076923, 0.08896210873146623, 0.15766423357664233)","(0.6581632653061225, 0.21252059308072488, 0.32129514321295144)","(0.548469387755102, 0.3542009884678748, 0.4304304304304304)","(0.41273885350318473, 0.5337726523887973, 0.46551724137931033)","(0.33984706881903143, 0.6589785831960461, 0.44843049327354256)","(0.25229357798165136, 0.8154859967051071, 0.3853639548462437)"
KNN,"{'algorithm': 'kd_tree', 'n_neighbors': 50, 'weights': 'uniform'}",0.861656050955414,0.7929311736789892,0.47560858056129074,2.745882749557495,"(0.8205128205128205, 0.05271828665568369, 0.09907120743034055)","(0.7051282051282052, 0.09060955518945635, 0.16058394160583944)","(0.7244897959183674, 0.23393739703459637, 0.35367372353673726)","(0.6147959183673469, 0.3970345963756178, 0.4824824824824825)","(0.42547770700636944, 0.5502471169686985, 0.4798850574712644)","(0.35344095157179267, 0.685337726523888, 0.4663677130044843)","(0.26962283384301733, 0.871499176276771, 0.41183339820942)"
KNN,"{'algorithm': 'kd_tree', 'n_neighbors': 50, 'weights': 'distance'}",0.8621656050955414,0.7894066412250884,0.46561784299424447,2.749976873397827,"(0.7435897435897436, 0.047775947281713346, 0.08978328173374614)","(0.717948717948718, 0.09225700164744646, 0.16350364963503652)","(0.6632653061224489, 0.214168039538715, 0.32378580323785805)","(0.5561224489795918, 0.35914332784184516, 0.4364364364364365)","(0.4152866242038217, 0.5370675453047776, 0.46839080459770116)","(0.34579439252336447, 0.6705107084019769, 0.4562780269058295)","(0.25535168195718655, 0.8253706754530478, 0.39003503308680426)"
KNN,"{'algorithm': 'kd_tree', 'n_neighbors': 100, 'weights': 'uniform'}",0.8593630573248408,0.7939904946609428,0.479057790922808,3.576050043106079,"(0.7435897435897436, 0.047775947281713346, 0.08978328173374614)","(0.7564102564102564, 0.09719934102141681, 0.17226277372262774)","(0.7346938775510204, 0.2372322899505766, 0.3586550435865504)","(0.6020408163265306, 0.38879736408566723, 0.4724724724724725)","(0.42420382165605097, 0.5485996705107083, 0.47844827586206895)","(0.35089209855564996, 0.6803953871499177, 0.46300448430493274)","(0.2619775739041794, 0.8467874794069192, 0.4001557026080187)"
KNN,"{'algorithm': 'kd_tree', 'n_neighbors': 100, 'weights': 'distance'}",0.8624203821656051,0.7921667843414137,0.4697809241913198,3.513131856918335,"(0.7692307692307693, 0.04942339373970346, 0.09287925696594428)","(0.717948717948718, 0.09225700164744646, 0.16350364963503652)","(0.6938775510204082, 0.22405271828665568, 0.3387297633872976)","(0.5688775510204082, 0.3673805601317957, 0.44644644644644643)","(0.42547770700636944, 0.5502471169686985, 0.4798850574712644)","(0.34239592183517414, 0.6639209225700164, 0.4517937219730941)","(0.2579001019367992, 0.8336079077429983, 0.39392759828727125)"
